[{
    "model": "products.finish",
    "pk": 1,
    "fields": {
        "name": "Paint",
        "description": ""
    }
}, {
    "model": "products.finish",
    "pk": 2,
    "fields": {
        "name": "Varnish",
        "description": ""
    }
}, {
    "model": "products.finish",
    "pk": 3,
    "fields": {
        "name": "Oil",
        "description": ""
    }
}, {
    "model": "products.finish",
    "pk": 4,
    "fields": {
        "name": "Terazzo Finish",
        "description": ""
    }
}, {
    "model": "products.finishoption",
    "pk": 1,
    "fields": {
        "finish": 1,
        "name": "Honest Blue"
    }
}, {
    "model": "products.finishoption",
    "pk": 2,
    "fields": {
        "finish": 1,
        "name": "Pure White"
    }
}, {
    "model": "products.finishoption",
    "pk": 3,
    "fields": {
        "finish": 1,
        "name": "Azalea Flower"
    }
}, {
    "model": "products.finishoption",
    "pk": 4,
    "fields": {
        "finish": 1,
        "name": "Determined Orange"
    }
}, {
    "model": "products.finishoption",
    "pk": 5,
    "fields": {
        "finish": 1,
        "name": "Haven"
    }
}, {
    "model": "products.finishoption",
    "pk": 6,
    "fields": {
        "finish": 1,
        "name": "Cordial"
    }
}, {
    "model": "products.finishoption",
    "pk": 7,
    "fields": {
        "finish": 1,
        "name": "Bauhaus"
    }
}, {
    "model": "products.finishoption",
    "pk": 8,
    "fields": {
        "finish": 1,
        "name": "Black Of Night"
    }
}, {
    "model": "products.finishoption",
    "pk": 9,
    "fields": {
        "finish": 1,
        "name": "Foggy Day"
    }
}, {
    "model": "products.finishoption",
    "pk": 10,
    "fields": {
        "finish": 1,
        "name": "Daffodil"
    }
}, {
    "model": "products.finishoption",
    "pk": 11,
    "fields": {
        "finish": 2,
        "name": "Light Varnish"
    }
}, {
    "model": "products.finishoption",
    "pk": 12,
    "fields": {
        "finish": 2,
        "name": "Dark Varnish"
    }
}, {
    "model": "products.finishoption",
    "pk": 13,
    "fields": {
        "finish": 3,
        "name": "Linseed Oil"
    }
}, {
    "model": "products.finishoption",
    "pk": 14,
    "fields": {
        "finish": 4,
        "name": "Katras"
    }
}, {
    "model": "products.finishoption",
    "pk": 15,
    "fields": {
        "finish": 4,
        "name": "Halvas"
    }
}, {
    "model": "products.finishoption",
    "pk": 16,
    "fields": {
        "finish": 4,
        "name": "Marine"
    }
}, {
    "model": "products.finishoption",
    "pk": 17,
    "fields": {
        "finish": 4,
        "name": "Pave"
    }
}, {
    "model": "products.component",
    "pk": 1,
    "fields": {
        "name": "Feeble Top Leg",
        "slug": "feeble-top-leg",
        "description": "",
        "unit_cost": "12.00",
        "measurement_unit": "pc",
        "supplier_details": "CNC dude",
        "finishes": [3, 2]
    }
}, {
    "model": "products.component",
    "pk": 2,
    "fields": {
        "name": "Feeble Bottom Leg",
        "slug": "feeble-bottom-leg",
        "description": "",
        "unit_cost": "11.00",
        "measurement_unit": "pc",
        "supplier_details": "CNC dude",
        "finishes": [3, 2]
    }
}, {
    "model": "products.component",
    "pk": 3,
    "fields": {
        "name": "Husky Top Leg",
        "slug": "husky-top-leg",
        "description": "",
        "unit_cost": "9.00",
        "measurement_unit": "pc",
        "supplier_details": "CNC dude",
        "finishes": [3, 2]
    }
}, {
    "model": "products.component",
    "pk": 4,
    "fields": {
        "name": "Husky Bottom Leg",
        "slug": "husky-bottom-leg",
        "description": "",
        "unit_cost": "10.00",
        "measurement_unit": "pc",
        "supplier_details": "CNC dude",
        "finishes": [3, 2]
    }
}, {
    "model": "products.component",
    "pk": 5,
    "fields": {
        "name": "Cloud Top",
        "slug": "cloud-top",
        "description": "",
        "unit_cost": "20.00",
        "measurement_unit": "pc",
        "supplier_details": "CNC dude",
        "finishes": [1]
    }
}, {
    "model": "products.component",
    "pk": 6,
    "fields": {
        "name": "Pick Top",
        "slug": "pick-top",
        "description": "",
        "unit_cost": "21.00",
        "measurement_unit": "pc",
        "supplier_details": "CNC dude",
        "finishes": [1]
    }
}, {
    "model": "products.component",
    "pk": 7,
    "fields": {
        "name": "Four Top",
        "slug": "four-top",
        "description": "",
        "unit_cost": "22.00",
        "measurement_unit": "pc",
        "supplier_details": "CNC dude",
        "finishes": [1]
    }
}, {
    "model": "products.component",
    "pk": 8,
    "fields": {
        "name": "Toilet Top Terazzo",
        "slug": "toilet-top-terazzo",
        "description": "",
        "unit_cost": "22.00",
        "measurement_unit": "pc",
        "supplier_details": "Terazzo maker",
        "finishes": [4]
    }
}, {
    "model": "products.component",
    "pk": 9,
    "fields": {
        "name": "Toilet Top Paint Wood",
        "slug": "toilet-top-paint-wood",
        "description": "",
        "unit_cost": "11.00",
        "measurement_unit": "pc",
        "supplier_details": "CNC dude",
        "finishes": [1]
    }
}, {
    "model": "products.component",
    "pk": 10,
    "fields": {
        "name": "Dino Leg",
        "slug": "dino-leg",
        "description": "",
        "unit_cost": "7.00",
        "measurement_unit": "pc",
        "supplier_details": "CNC dude",
        "finishes": [3, 2]
    }
}, {
    "model": "products.component",
    "pk": 11,
    "fields": {
        "name": "Dino Leg Terazzo",
        "slug": "dino-leg-terazzo",
        "description": "",
        "unit_cost": "14.00",
        "measurement_unit": "pc",
        "supplier_details": "Terazzo man",
        "finishes": [4]
    }
}, {
    "model": "products.component",
    "pk": 12,
    "fields": {
        "name": "Toilet Top Marine Ply",
        "slug": "toilet-top-marine-ply",
        "description": "",
        "unit_cost": "14.00",
        "measurement_unit": "pc",
        "supplier_details": "CNC dude",
        "finishes": []
    }
}, {
    "model": "products.product",
    "pk": 1,
    "fields": {
        "name": "Slotted Table",
        "slug": "slotted-table",
        "description": "A table with slotted legs and a fixed top.\r\nOptions for legs: Feeble or Husky.\r\nOptions for top: Cloud, Four or Pick.",
        "base_price": "220.00",
        "finishes": []
    }
}, {
    "model": "products.product",
    "pk": 3,
    "fields": {
        "name": "D.E.T.S",
        "slug": "dets",
        "description": "",
        "base_price": "310.00",
        "finishes": []
    }
}, {
    "model": "products.option",
    "pk": 1,
    "fields": {
        "name": "Leg Shape",
        "product": 1
    }
}, {
    "model": "products.option",
    "pk": 2,
    "fields": {
        "name": "Top Shape",
        "product": 1
    }
}, {
    "model": "products.option",
    "pk": 5,
    "fields": {
        "name": "Toilet Top Material",
        "product": 3
    }
}, {
    "model": "products.option",
    "pk": 6,
    "fields": {
        "name": "Dino Leg Material",
        "product": 3
    }
}, {
    "model": "products.optionvalue",
    "pk": 1,
    "fields": {
        "option": 1,
        "value": "Feeble"
    }
}, {
    "model": "products.optionvalue",
    "pk": 2,
    "fields": {
        "option": 1,
        "value": "Husky"
    }
}, {
    "model": "products.optionvalue",
    "pk": 3,
    "fields": {
        "option": 2,
        "value": "Cloud"
    }
}, {
    "model": "products.optionvalue",
    "pk": 4,
    "fields": {
        "option": 2,
        "value": "Four"
    }
}, {
    "model": "products.optionvalue",
    "pk": 5,
    "fields": {
        "option": 2,
        "value": "Pick"
    }
}, {
    "model": "products.optionvalue",
    "pk": 10,
    "fields": {
        "option": 5,
        "value": "Paint Wood"
    }
}, {
    "model": "products.optionvalue",
    "pk": 11,
    "fields": {
        "option": 5,
        "value": "Terazzo"
    }
}, {
    "model": "products.optionvalue",
    "pk": 12,
    "fields": {
        "option": 6,
        "value": "Wood"
    }
}, {
    "model": "products.optionvalue",
    "pk": 13,
    "fields": {
        "option": 6,
        "value": "Terazzo"
    }
}, {
    "model": "products.optionvalue",
    "pk": 14,
    "fields": {
        "option": 5,
        "value": "Marine Ply"
    }
}, {
    "model": "products.productcomponent",
    "pk": 1,
    "fields": {
        "product": 1,
        "component": 1,
        "option_value": 1,
        "quantity": 1
    }
}, {
    "model": "products.productcomponent",
    "pk": 2,
    "fields": {
        "product": 1,
        "component": 2,
        "option_value": 1,
        "quantity": 1
    }
}, {
    "model": "products.productcomponent",
    "pk": 3,
    "fields": {
        "product": 1,
        "component": 3,
        "option_value": 2,
        "quantity": 1
    }
}, {
    "model": "products.productcomponent",
    "pk": 4,
    "fields": {
        "product": 1,
        "component": 4,
        "option_value": 2,
        "quantity": 1
    }
}, {
    "model": "products.productcomponent",
    "pk": 5,
    "fields": {
        "product": 1,
        "component": 5,
        "option_value": 3,
        "quantity": 1
    }
}, {
    "model": "products.productcomponent",
    "pk": 6,
    "fields": {
        "product": 1,
        "component": 7,
        "option_value": 4,
        "quantity": 1
    }
}, {
    "model": "products.productcomponent",
    "pk": 7,
    "fields": {
        "product": 1,
        "component": 6,
        "option_value": 5,
        "quantity": 1
    }
}, {
    "model": "products.productcomponent",
    "pk": 9,
    "fields": {
        "product": 3,
        "component": 9,
        "option_value": 10,
        "quantity": 1
    }
}, {
    "model": "products.productcomponent",
    "pk": 10,
    "fields": {
        "product": 3,
        "component": 8,
        "option_value": 11,
        "quantity": 1
    }
}, {
    "model": "products.productcomponent",
    "pk": 11,
    "fields": {
        "product": 3,
        "component": 12,
        "option_value": 14,
        "quantity": 1
    }
}, {
    "model": "products.productcomponent",
    "pk": 12,
    "fields": {
        "product": 3,
        "component": 10,
        "option_value": 12,
        "quantity": 4
    }
}, {
    "model": "products.productcomponent",
    "pk": 13,
    "fields": {
        "product": 3,
        "component": 11,
        "option_value": 13,
        "quantity": 4
    }
}]