[{"model": "orders.client", "pk": 2, "fields": {"client_name": "test_customer", "client_phone": "99666333", "client_email": "test_cust@test.com", "created_on": "2024-09-06"}}, {"model": "orders.client", "pk": 8, "fields": {"client_name": "test_client", "client_phone": "99999922", "client_email": "test_email@test.com", "created_on": "2024-09-14"}}, {"model": "orders.client", "pk": 12, "fields": {"client_name": "Demetris Papakyriacou", "client_phone": "99756356", "client_email": "dpapakyriacou14@gmail.com", "created_on": "2024-09-17"}}, {"model": "orders.client", "pk": 13, "fields": {"client_name": "Georgina Christou", "client_phone": "99555555", "client_email": "georgina.christou@hotmail.com", "created_on": "2024-09-22"}}, {"model": "orders.client", "pk": 18, "fields": {"client_name": "Theodoros Kallenos", "client_phone": "99111222", "client_email": "kallenos@kallenos.com", "created_on": "2024-09-22"}}, {"model": "orders.client", "pk": 19, "fields": {"client_name": "Giorkos", "client_phone": "Giorkou", "client_email": "giorkatsos@giorkui.com", "created_on": "2024-09-23"}}, {"model": "orders.client", "pk": 20, "fields": {"client_name": "Giorkos Giorkou", "client_phone": "99999955", "client_email": "giorkatsos@giorkui.com", "created_on": "2024-09-23"}}, {"model": "orders.client", "pk": 21, "fields": {"client_name": "Salam Malekoum", "client_phone": "99221122", "client_email": "malekoum@salam.com", "created_on": "2024-09-23"}}, {"model": "orders.client", "pk": 22, "fields": {"client_name": "thalos", "client_phone": "96210092", "client_email": "thalis@thisispresenta.com", "created_on": "2024-09-24"}}, {"model": "orders.client", "pk": 23, "fields": {"client_name": "Olivia christodoulided", "client_phone": "96306681", "client_email": "dpapakyriacou14@gmail.com", "created_on": "2024-09-27"}}, {"model": "orders.client", "pk": 24, "fields": {"client_name": "Panagiotis Panagiotou", "client_phone": "99555333", "client_email": "panagiotis_pana@hotmail.com", "created_on": "2024-10-12"}}, {"model": "orders.client", "pk": 25, "fields": {"client_name": "Christina Onoufriou", "client_phone": "96252525", "client_email": "christina@gmail.com", "created_on": "2024-10-12"}}, {"model": "orders.client", "pk": 26, "fields": {"client_name": "John Doherty", "client_phone": "+447745288689", "client_email": "jdoherty@gmail.com", "created_on": "2024-10-12"}}, {"model": "orders.client", "pk": 27, "fields": {"client_name": "Marco De Lorenzo", "client_phone": "99755855", "client_email": "delorenzo@lorenzo.it", "created_on": "2024-10-13"}}, {"model": "orders.order", "pk": 67, "fields": {"client": 12, "discount": "300.00", "deposit": "300.00", "order_value": "900.00", "order_status": 2, "paid": 2, "created_on": "2024-09-23T09:55:01.032Z", "updated_on": "2024-10-02T16:23:31.908Z", "archived": false}}, {"model": "orders.order", "pk": 70, "fields": {"client": 13, "discount": "60.00", "deposit": "200.00", "order_value": "600.00", "order_status": 4, "paid": 2, "created_on": "2024-09-23T10:03:11.510Z", "updated_on": "2024-10-04T12:43:18.131Z", "archived": false}}, {"model": "orders.order", "pk": 71, "fields": {"client": 20, "discount": "40.00", "deposit": "100.00", "order_value": "400.00", "order_status": 4, "paid": 2, "created_on": "2024-10-02T10:19:02.241Z", "updated_on": "2024-10-04T07:58:37.288Z", "archived": true}}, {"model": "orders.order", "pk": 72, "fields": {"client": 22, "discount": "300.00", "deposit": "500.00", "order_value": "900.00", "order_status": 2, "paid": 2, "created_on": "2024-10-02T10:19:37.342Z", "updated_on": "2024-10-09T14:38:27.970Z", "archived": false}}, {"model": "orders.order", "pk": 74, "fields": {"client": 22, "discount": "150.00", "deposit": "200.00", "order_value": "1050.00", "order_status": 2, "paid": 2, "created_on": "2024-10-04T12:29:41.803Z", "updated_on": "2024-10-09T14:29:18.882Z", "archived": false}}, {"model": "orders.order", "pk": 75, "fields": {"client": 12, "discount": "0.00", "deposit": "100.00", "order_value": "840.00", "order_status": 1, "paid": 1, "created_on": "2024-10-04T12:42:19.700Z", "updated_on": "2024-10-04T12:42:19.700Z", "archived": false}}, {"model": "orders.order", "pk": 76, "fields": {"client": 13, "discount": "0.00", "deposit": null, "order_value": "400.00", "order_status": 1, "paid": 1, "created_on": "2024-10-04T12:45:31.354Z", "updated_on": "2024-10-04T12:45:31.354Z", "archived": false}}, {"model": "orders.order", "pk": 77, "fields": {"client": 12, "discount": "0.00", "deposit": null, "order_value": "400.00", "order_status": 1, "paid": 2, "created_on": "2024-10-07T08:04:04.456Z", "updated_on": "2024-10-07T08:22:32.448Z", "archived": false}}, {"model": "orders.order", "pk": 78, "fields": {"client": 24, "discount": "0.00", "deposit": "110.00", "order_value": "310.00", "order_status": 1, "paid": 1, "created_on": "2024-10-12T08:13:15.871Z", "updated_on": "2024-10-12T08:13:15.871Z", "archived": false}}, {"model": "orders.order", "pk": 79, "fields": {"client": 25, "discount": "0.00", "deposit": "200.00", "order_value": "600.00", "order_status": 2, "paid": 1, "created_on": "2024-10-12T08:26:11.900Z", "updated_on": "2024-10-12T08:26:11.900Z", "archived": false}}, {"model": "orders.order", "pk": 80, "fields": {"client": 26, "discount": "0.00", "deposit": "100.00", "order_value": "400.00", "order_status": 1, "paid": 1, "created_on": "2024-10-12T08:58:51.621Z", "updated_on": "2024-10-12T08:58:51.621Z", "archived": false}}, {"model": "orders.order", "pk": 81, "fields": {"client": 27, "discount": "0.00", "deposit": "300.00", "order_value": "2400.00", "order_status": 1, "paid": 1, "created_on": "2024-10-13T10:26:06.842Z", "updated_on": "2024-10-13T10:26:06.842Z", "archived": false}}, {"model": "orders.orderitem", "pk": 77, "fields": {"order": 67, "product": 7, "base_price": "400.00", "discount": "100.00", "item_value": "300.00", "product_finish": null, "item_status": 2, "priority_level": 1, "completed": false, "option_values": [25]}}, {"model": "orders.orderitem", "pk": 78, "fields": {"order": 67, "product": 7, "base_price": "400.00", "discount": "100.00", "item_value": "300.00", "product_finish": null, "item_status": 2, "priority_level": 1, "completed": false, "option_values": [25]}}, {"model": "orders.orderitem", "pk": 81, "fields": {"order": 70, "product": 1, "base_price": "220.00", "discount": "20.00", "item_value": "200.00", "product_finish": null, "item_status": 4, "priority_level": 1, "completed": true, "option_values": [2, 3]}}, {"model": "orders.orderitem", "pk": 82, "fields": {"order": 70, "product": 1, "base_price": "220.00", "discount": "20.00", "item_value": "200.00", "product_finish": null, "item_status": 4, "priority_level": 1, "completed": true, "option_values": [2, 3]}}, {"model": "orders.orderitem", "pk": 83, "fields": {"order": 70, "product": 1, "base_price": "220.00", "discount": "20.00", "item_value": "200.00", "product_finish": null, "item_status": 4, "priority_level": 1, "completed": true, "option_values": [2, 3]}}, {"model": "orders.orderitem", "pk": 84, "fields": {"order": 71, "product": 1, "base_price": "220.00", "discount": "20.00", "item_value": "200.00", "product_finish": null, "item_status": 4, "priority_level": 1, "completed": true, "option_values": [2, 5]}}, {"model": "orders.orderitem", "pk": 85, "fields": {"order": 71, "product": 1, "base_price": "220.00", "discount": "20.00", "item_value": "200.00", "product_finish": null, "item_status": 4, "priority_level": 2, "completed": true, "option_values": [2, 5]}}, {"model": "orders.orderitem", "pk": 86, "fields": {"order": 72, "product": 7, "base_price": "400.00", "discount": "100.00", "item_value": "300.00", "product_finish": null, "item_status": 2, "priority_level": 3, "completed": false, "option_values": [24]}}, {"model": "orders.orderitem", "pk": 87, "fields": {"order": 72, "product": 7, "base_price": "400.00", "discount": "100.00", "item_value": "300.00", "product_finish": null, "item_status": 1, "priority_level": 3, "completed": false, "option_values": [24]}}, {"model": "orders.orderitem", "pk": 88, "fields": {"order": 72, "product": 7, "base_price": "400.00", "discount": "100.00", "item_value": "300.00", "product_finish": null, "item_status": 2, "priority_level": 1, "completed": false, "option_values": [24]}}, {"model": "orders.orderitem", "pk": 90, "fields": {"order": 74, "product": 7, "base_price": "400.00", "discount": "50.00", "item_value": "350.00", "product_finish": null, "item_status": 3, "priority_level": 1, "completed": false, "option_values": [25]}}, {"model": "orders.orderitem", "pk": 91, "fields": {"order": 74, "product": 7, "base_price": "400.00", "discount": "50.00", "item_value": "350.00", "product_finish": null, "item_status": 4, "priority_level": 1, "completed": true, "option_values": [25]}}, {"model": "orders.orderitem", "pk": 92, "fields": {"order": 74, "product": 7, "base_price": "400.00", "discount": "50.00", "item_value": "350.00", "product_finish": null, "item_status": 3, "priority_level": 1, "completed": false, "option_values": [25]}}, {"model": "orders.orderitem", "pk": 96, "fields": {"order": 75, "product": 3, "base_price": "310.00", "discount": "10.00", "item_value": "300.00", "product_finish": null, "item_status": 1, "priority_level": 1, "completed": false, "option_values": [10, 13]}}, {"model": "orders.orderitem", "pk": 97, "fields": {"order": 76, "product": 7, "base_price": "400.00", "discount": null, "item_value": "400.00", "product_finish": null, "item_status": 1, "priority_level": 1, "completed": false, "option_values": [24]}}, {"model": "orders.orderitem", "pk": 98, "fields": {"order": 77, "product": 7, "base_price": "400.00", "discount": null, "item_value": "400.00", "product_finish": null, "item_status": 1, "priority_level": 3, "completed": false, "option_values": [24]}}, {"model": "orders.orderitem", "pk": 99, "fields": {"order": 78, "product": 3, "base_price": "310.00", "discount": null, "item_value": "310.00", "product_finish": null, "item_status": 1, "priority_level": 1, "completed": false, "option_values": [10, 12]}}, {"model": "orders.orderitem", "pk": 100, "fields": {"order": 79, "product": 7, "base_price": "400.00", "discount": "100.00", "item_value": "300.00", "product_finish": null, "item_status": 1, "priority_level": 1, "completed": false, "option_values": [25]}}, {"model": "orders.orderitem", "pk": 101, "fields": {"order": 79, "product": 7, "base_price": "400.00", "discount": "100.00", "item_value": "300.00", "product_finish": null, "item_status": 4, "priority_level": 1, "completed": false, "option_values": [25]}}, {"model": "orders.orderitem", "pk": 102, "fields": {"order": 80, "product": 1, "base_price": "400.00", "discount": null, "item_value": "400.00", "product_finish": null, "item_status": 1, "priority_level": 1, "completed": false, "option_values": [1, 5]}}, {"model": "orders.orderitem", "pk": 103, "fields": {"order": 81, "product": 3, "base_price": "310.00", "discount": "40.00", "item_value": "270.00", "product_finish": null, "item_status": 1, "priority_level": 1, "completed": false, "option_values": [10, 13]}}, {"model": "orders.orderitem", "pk": 104, "fields": {"order": 81, "product": 3, "base_price": "310.00", "discount": "40.00", "item_value": "270.00", "product_finish": null, "item_status": 1, "priority_level": 1, "completed": false, "option_values": [10, 13]}}, {"model": "orders.orderitem", "pk": 105, "fields": {"order": 81, "product": 3, "base_price": "310.00", "discount": "40.00", "item_value": "270.00", "product_finish": null, "item_status": 1, "priority_level": 1, "completed": false, "option_values": [10, 13]}}, {"model": "orders.orderitem", "pk": 106, "fields": {"order": 81, "product": 3, "base_price": "310.00", "discount": "40.00", "item_value": "270.00", "product_finish": null, "item_status": 1, "priority_level": 1, "completed": false, "option_values": [10, 13]}}, {"model": "orders.orderitem", "pk": 107, "fields": {"order": 81, "product": 3, "base_price": "310.00", "discount": "40.00", "item_value": "270.00", "product_finish": null, "item_status": 1, "priority_level": 1, "completed": false, "option_values": [10, 13]}}, {"model": "orders.orderitem", "pk": 108, "fields": {"order": 81, "product": 7, "base_price": "400.00", "discount": "50.00", "item_value": "350.00", "product_finish": null, "item_status": 1, "priority_level": 1, "completed": false, "option_values": [25]}}, {"model": "orders.orderitem", "pk": 109, "fields": {"order": 81, "product": 7, "base_price": "400.00", "discount": "50.00", "item_value": "350.00", "product_finish": null, "item_status": 1, "priority_level": 1, "completed": false, "option_values": [25]}}, {"model": "orders.orderitem", "pk": 110, "fields": {"order": 81, "product": 7, "base_price": "400.00", "discount": "50.00", "item_value": "350.00", "product_finish": null, "item_status": 1, "priority_level": 1, "completed": false, "option_values": [25]}}, {"model": "orders.componentfinish", "pk": 33, "fields": {"order_item": 77, "component": 17, "finish_option": 12}}, {"model": "orders.componentfinish", "pk": 34, "fields": {"order_item": 77, "component": 16, "finish_option": 1}}, {"model": "orders.componentfinish", "pk": 35, "fields": {"order_item": 78, "component": 17, "finish_option": 12}}, {"model": "orders.componentfinish", "pk": 36, "fields": {"order_item": 78, "component": 16, "finish_option": 1}}, {"model": "orders.componentfinish", "pk": 39, "fields": {"order_item": 81, "component": 5, "finish_option": 4}}, {"model": "orders.componentfinish", "pk": 40, "fields": {"order_item": 82, "component": 5, "finish_option": 4}}, {"model": "orders.componentfinish", "pk": 41, "fields": {"order_item": 83, "component": 5, "finish_option": 4}}, {"model": "orders.componentfinish", "pk": 42, "fields": {"order_item": 84, "component": 6, "finish_option": 2}}, {"model": "orders.componentfinish", "pk": 43, "fields": {"order_item": 85, "component": 6, "finish_option": 2}}, {"model": "orders.componentfinish", "pk": 44, "fields": {"order_item": 86, "component": 17, "finish_option": 11}}, {"model": "orders.componentfinish", "pk": 45, "fields": {"order_item": 86, "component": 13, "finish_option": 7}}, {"model": "orders.componentfinish", "pk": 46, "fields": {"order_item": 87, "component": 17, "finish_option": 11}}, {"model": "orders.componentfinish", "pk": 47, "fields": {"order_item": 87, "component": 13, "finish_option": 7}}, {"model": "orders.componentfinish", "pk": 48, "fields": {"order_item": 88, "component": 17, "finish_option": 11}}, {"model": "orders.componentfinish", "pk": 49, "fields": {"order_item": 88, "component": 13, "finish_option": 7}}, {"model": "orders.componentfinish", "pk": 50, "fields": {"order_item": 96, "component": 9, "finish_option": 1}}, {"model": "orders.componentfinish", "pk": 51, "fields": {"order_item": 96, "component": 11, "finish_option": 16}}, {"model": "orders.componentfinish", "pk": 52, "fields": {"order_item": 97, "component": 17, "finish_option": 11}}, {"model": "orders.componentfinish", "pk": 53, "fields": {"order_item": 98, "component": 13, "finish_option": 9}}, {"model": "orders.componentfinish", "pk": 54, "fields": {"order_item": 99, "component": 9, "finish_option": 3}}, {"model": "orders.componentfinish", "pk": 55, "fields": {"order_item": 100, "component": 17, "finish_option": 11}}, {"model": "orders.componentfinish", "pk": 56, "fields": {"order_item": 100, "component": 16, "finish_option": 4}}, {"model": "orders.componentfinish", "pk": 57, "fields": {"order_item": 101, "component": 17, "finish_option": 11}}, {"model": "orders.componentfinish", "pk": 58, "fields": {"order_item": 101, "component": 16, "finish_option": 4}}, {"model": "orders.componentfinish", "pk": 59, "fields": {"order_item": 102, "component": 6, "finish_option": 2}}, {"model": "orders.componentfinish", "pk": 60, "fields": {"order_item": 103, "component": 9, "finish_option": 2}}, {"model": "orders.componentfinish", "pk": 61, "fields": {"order_item": 103, "component": 11, "finish_option": 14}}, {"model": "orders.componentfinish", "pk": 62, "fields": {"order_item": 104, "component": 9, "finish_option": 2}}, {"model": "orders.componentfinish", "pk": 63, "fields": {"order_item": 104, "component": 11, "finish_option": 14}}, {"model": "orders.componentfinish", "pk": 64, "fields": {"order_item": 105, "component": 9, "finish_option": 2}}, {"model": "orders.componentfinish", "pk": 65, "fields": {"order_item": 105, "component": 11, "finish_option": 14}}, {"model": "orders.componentfinish", "pk": 66, "fields": {"order_item": 106, "component": 9, "finish_option": 2}}, {"model": "orders.componentfinish", "pk": 67, "fields": {"order_item": 106, "component": 11, "finish_option": 14}}, {"model": "orders.componentfinish", "pk": 68, "fields": {"order_item": 107, "component": 9, "finish_option": 2}}, {"model": "orders.componentfinish", "pk": 69, "fields": {"order_item": 107, "component": 11, "finish_option": 14}}, {"model": "orders.componentfinish", "pk": 70, "fields": {"order_item": 108, "component": 17, "finish_option": 11}}, {"model": "orders.componentfinish", "pk": 71, "fields": {"order_item": 109, "component": 17, "finish_option": 11}}, {"model": "orders.componentfinish", "pk": 72, "fields": {"order_item": 110, "component": 17, "finish_option": 11}}]